id,max_eps,min_eps,|rnn|,[knn],[rnn]
0,1.70294,1.70294,2,[ 1 2 0 ],[ 2 1 ]
1,3.1257,3.1257,1,[ 2 0 1 ],[ 0 ]
2,1.772,1.55242,3,[ 7 0 2 ],[ 7 0 1 ]
3,1.04403,1.04403,2,[ 9 8 3 ],[ 9 8 ]
4,1.58114,1.58114,0,[ 8 9 4 ],[ ]
5,1.64012,1.50333,1,[ 11 6 5 ],[ 6 ]
6,2.43311,1.34536,2,[ 11 5 6 ],[ 11 5 ]
7,2.43311,1.55242,3,[ 2 11 7 ],[ 10 11 2 ]
8,0.943398,0.943398,3,[ 9 3 8 ],[ 4 9 3 ]
9,1.04403,1.04403,3,[ 3 8 9 ],[ 4 8 3 ]
10,2.5632,2.5,0,[ 7 11 10 ],[ ]
11,1.50333,1.48661,4,[ 7 6 11 ],[ 10 6 7 5 ]
