{
	"#main" : 
	{
		"#_dimensions" : 2,
		"#_points" : 10000,
		"algorithm" : "DBSCAN",
		"input_file" : "../datasets/points/cluto-t7-10k.tsv"
	},
	"#parameters" : 
	{
		"eps" : 15.0,
		"min_pts" : 35,
		"minkowski_power" : 2,
		"ti" : false
	},
	"clustering_metrics" : 
	{
		"#_of_pairs" : 49995000,
		"Purity" : 0.98799999999999999,
		"RAND" : 0.99478515851585159,
		"TN" : 41659984,
		"TP" : 8074300,
		"davies_bouldin" : 2.0904020152187202,
		"silhouette_coefficient" : -0.56736626671233925
	},
	"clustering_stats" : 
	{
		"#_border_points" : 2274,
		"#_clusters" : 9,
		"#_core_points" : 7017,
		"#_noise_points" : 709,
		"avg_#_of_distance_calculation" : 9999.0
	},
	"clustering_time (in seconds)" : 
	{
		"1_read_input_file" : 0.034803000000000001,
		"2_sort_by_ref_point_distances" : 0.0,
		"3_eps_neighborhood/rnn_calculation" : 85.240111999999996,
		"4_clustering" : 0.019671000000000001,
		"5_stats_calculation" : 57.300640000000001,
		"total_runtime" : 142.595226
	}
}