{
	"#main" : 
	{
		"#_dimensions" : 2,
		"#_points" : 3031,
		"algorithm" : "DBSCAN",
		"input_file" : "../datasets/points/complex9.tsv"
	},
	"#parameters" : 
	{
		"eps" : 23.0,
		"min_pts" : 27,
		"minkowski_power" : 2,
		"reference_point_values" : 
		[
			7.798,
			40.127000000000002
		],
		"ti" : true
	},
	"clustering_metrics" : 
	{
		"#_of_pairs" : 4591965,
		"Purity" : 0.93500494886176178,
		"RAND" : 0.98001182500302153,
		"TN" : 3738207,
		"TP" : 761973,
		"davies_bouldin" : 1.8539994794458809,
		"silhouette_coefficient" : -0.059483771116827906
	},
	"clustering_stats" : 
	{
		"#_border_points" : 1043,
		"#_clusters" : 11,
		"#_core_points" : 1982,
		"#_noise_points" : 6,
		"avg_#_of_distance_calculation" : 227.9782250082481
	},
	"clustering_time (in seconds)" : 
	{
		"1_read_input_file" : 0.024882999999999999,
		"2_sort_by_ref_point_distances" : 0.0069969999999999997,
		"3_eps_neighborhood/rnn_calculation" : 0.23958199999999999,
		"4_clustering" : 0.0043299999999999996,
		"5_stats_calculation" : 3.5079609999999999,
		"total_runtime" : 3.7837529999999999
	}
}