{
	"#main" : 
	{
		"#_dimensions" : 2,
		"#_points" : 3031,
		"algorithm" : "DBSCAN",
		"input_file" : "../datasets/points/complex9.tsv"
	},
	"#parameters" : 
	{
		"eps" : 23.0,
		"min_pts" : 27,
		"minkowski_power" : 2,
		"ti" : false
	},
	"clustering_metrics" : 
	{
		"#_of_pairs" : 4591965,
		"Purity" : 0.93500494886176178,
		"RAND" : 0.98001182500302153,
		"TN" : 3738207,
		"TP" : 761973,
		"davies_bouldin" : 1.8539994794458809,
		"silhouette_coefficient" : -0.059483771116827906
	},
	"clustering_stats" : 
	{
		"#_border_points" : 1043,
		"#_clusters" : 11,
		"#_core_points" : 1982,
		"#_noise_points" : 6,
		"avg_#_of_distance_calculation" : 3030.0
	},
	"clustering_time (in seconds)" : 
	{
		"1_read_input_file" : 0.0058139999999999997,
		"2_sort_by_ref_point_distances" : 0.0,
		"3_eps_neighborhood/rnn_calculation" : 7.3717790000000001,
		"4_clustering" : 0.0042139999999999999,
		"5_stats_calculation" : 3.444461,
		"total_runtime" : 10.826268000000001
	}
}