{
	"#main" : 
	{
		"#_dimensions" : 2,
		"#_points" : 3031,
		"algorithm" : "DBSCANRN",
		"input_file" : "../datasets/points/complex9.tsv"
	},
	"#parameters" : 
	{
		"k" : 27,
		"minkowski_power" : 2,
		"ti" : false
	},
	"clustering_metrics" : 
	{
		"#_of_pairs" : 4591965,
		"Purity" : 0.96568789178488945,
		"RAND" : 0.99673690892678846,
		"TN" : 3735201,
		"TP" : 841780,
		"davies_bouldin" : 1.7337633361153937,
		"silhouette_coefficient" : -0.025099044601657055
	},
	"clustering_stats" : 
	{
		"#_border_points" : 1613,
		"#_clusters" : 10,
		"#_core_points" : 1418,
		"#_noise_points" : 0,
		"avg_#_of_distance_calculation" : 3030.0
	},
	"clustering_time (in seconds)" : 
	{
		"1_read_input_file" : 0.0092899999999999996,
		"2_sort_by_ref_point_distances" : 0.0,
		"3_eps_neighborhood/rnn_calculation" : 7.699808,
		"4_clustering" : 0.0037850000000000002,
		"5_stats_calculation" : 3.2561610000000001,
		"total_runtime" : 10.969044
	}
}