{
	"#main" : 
	{
		"#_dimensions" : 2,
		"#_points" : 10000,
		"algorithm" : "DBSCANRN",
		"input_file" : "../datasets/points/cluto-t7-10k.tsv"
	},
	"#parameters" : 
	{
		"k" : 35,
		"minkowski_power" : 2,
		"ti" : false
	},
	"clustering_metrics" : 
	{
		"#_of_pairs" : 49995000,
		"Purity" : 0.94159999999999999,
		"RAND" : 0.97162132213221319,
		"TN" : 40676494,
		"TP" : 7899714,
		"davies_bouldin" : 2.0133536158398941,
		"silhouette_coefficient" : -0.30555822589632314
	},
	"clustering_stats" : 
	{
		"#_border_points" : 4606,
		"#_clusters" : 9,
		"#_core_points" : 5306,
		"#_noise_points" : 88,
		"avg_#_of_distance_calculation" : 9999.0
	},
	"clustering_time (in seconds)" : 
	{
		"1_read_input_file" : 0.046552000000000003,
		"2_sort_by_ref_point_distances" : 0.0,
		"3_eps_neighborhood/rnn_calculation" : 92.999405999999993,
		"4_clustering" : 0.017963,
		"5_stats_calculation" : 43.336261999999998,
		"total_runtime" : 136.400183
	}
}